{"version": {"json_export": "226", "page_segmentation": "55", "schema": "1.1.0", "structure": "1.1176.0", "table_structure": "5"}, "extended_metadata": {"ID_instance": "46 2B 07 48 84 BD B2 11 0A 00 C3 67 E2 35 C4 0C ", "ID_permanent": "46 2B 07 48 84 BD B2 11 0A 00 C3 67 E2 35 C4 0C ", "has_acroform": false, "has_embedded_files": false, "is_XFA": false, "is_certified": false, "is_encrypted": false, "is_digitally_signed": false, "language": "en", "page_count": 19, "pdf_version": "1.7", "pdfa_compliance_level": "", "pdfua_compliance_level": ""}, "elements": [{"Bounds": [-0.3074951171875, 40.37249755859375, 781.3200073242188, 586.4400024414062], "ClipBounds": [27.22900390625, 536.2730102539062, 144.14796447753906, 558.7220001220703], "ObjectID": 232, "Page": 0, "Path": "//Document/Figure", "attributes": {"BBox": [27.478899999999157, 716.5229999999865, 138.83399999999529, 738.1219999999739], "Placement": "Block"}}, {"Bounds": [-0.3074951171875, 40.37249755859375, 781.3200073242188, 586.4400024414062], "ClipBounds": [27.22900390625, 536.2730102539062, 144.14796447753906, 558.7220001220703], "Font": {"alt_family_name": "* Times New Roman", "embedded": true, "encoding": "Identity-H", "family_name": "* Times New Roman", "font_type": "CIDFontType0", "italic": false, "monospaced": false, "name": "*Times New Roman-Bold-1438", "subset": false, "weight": 700}, "HasClip": false, "ObjectID": 232, "Page": 0, "Path": "//Document/Figure", "Text": "corner ", "TextSize": 29.0, "attributes": {"BBox": [27.478899999999157, 716.5229999999865, 138.83399999999529, 738.1219999999739], "Placement": "Block"}}, {"Bounds": [154.31700134277344, 408.6697998046875, 350.3807678222656, 460.6087951660156], "Font": {"alt_family_name": "* Times New Roman", "embedded": true, "encoding": "Identity-H", "family_name": "* Times New Roman", "font_type": "CIDFontType0", "italic": false, "monospaced": false, "name": "*Times New Roman-Bold-1438", "subset": false, "weight": 700}, "HasClip": false, "Lang": "en", "ObjectID": 233, "Page": 0, "Path": "//Document/H1", "Text": "Valuation as of 30.05.2025 ", "TextSize": 29.0, "attributes": {"LineHeight": 31, "SpaceAfter": 16.625, "TextAlign": "End"}}, {"Bounds": [154.55999755859375, 376.6510009765625, 341.6559753417969, 386.51800537109375], "Font": {"alt_family_name": "* Arial", "embedded": true, "encoding": "Identity-H", "family_name": "* Arial", "font_type": "CIDFontType0", "italic": false, "monospaced": false, "name": "*Arial-Bold-1445", "subset": false, "weight": 700}, "HasClip": false, "Lang": "en", "ObjectID": 234, "Page": 0, "Path": "//Document/P", "Text": "MESSOS ENTERPRISES LTD. ", "TextSize": 13.0, "attributes": {"LineHeight": 15.625, "SpaceAfter": 18}}, {"Bounds": [-0.3074951171875, 40.37249755859375, 781.4400024414062, 586.4400024414062], "ClipBounds": [194.86199951171875, 90.73100280761719, 781.4400024414062, 463.69598388671875], "ObjectID": 235, "Page": 0, "Path": "//Document/Figure[2]", "attributes": {"BBox": [195.1119999999937, 270.98099999999977, 782.127999999997, 643.4459999999963], "Placement": "Block"}}, {"Bounds": [-0.3074951171875, 40.37249755859375, 781.4400024414062, 586.4400024414062], "ClipBounds": [194.86199951171875, 90.73100280761719, 781.4400024414062, 463.69598388671875], "Font": {"alt_family_name": "* Times New Roman", "embedded": true, "encoding": "Identity-H", "family_name": "* Times New Roman", "font_type": "CIDFontType0", "italic": false, "monospaced": false, "name": "*Times New Roman-Bold-1440", "subset": false, "weight": 700}, "HasClip": false, "ObjectID": 235, "Page": 0, "Path": "//Document/Figure[2]", "Text": "Client Number// 366223 Valuation currency II USD Investment profile // Undefined Risk Profile // Medium-high -I dnHn\u2022 \u00b1: :5:,* \u00b13: \u0141 I ", "TextSize": 4.0, "attributes": {"BBox": [195.1119999999937, 270.98099999999977, 782.127999999997, 643.4459999999963], "Placement": "Block"}}, {"Bounds": [29.759994506835938, 44.7489013671875, 371.1105194091797, 65.78399658203125], "Font": {"alt_family_name": "* Arial", "embedded": true, "encoding": "Identity-H", "family_name": "* Arial", "font_type": "CIDFontType0", "italic": false, "monospaced": false, "name": "*Arial-1441", "subset": false, "weight": 400}, "HasClip": false, "Lang": "en", "ObjectID": 236, "Page": 0, "Path": "//Document/P[2]", "Text": "Corner Banca SA // Todistrasse 27 // Postfach 1640 // 8027 Zurich_Switzerland // Hauptsitz Via Canova 16, 6901 Lugano_Switzerland Tel. +414421810 20 // Fax+41442181029 // info@corner.ch // corner.ch Swift CBLUCH2280A // Clearing 8490 // CHE-105.962.409 IVA ", "TextSize": 6.0, "attributes": {"LineHeight": 7.5, "SpaceAfter": 18}}, {"Bounds": [-0.3074951171875, 40.37249755859375, 781.3200073242188, 586.4400024414062], "ClipBounds": [737.8400268554688, 42.25300598144531, 765.0989990234375, 67.71200561523438], "ObjectID": 237, "Page": 0, "Path": "//Document/Figure[3]", "attributes": {"BBox": [738.0899999999965, 222.50299999999697, 764.8489999999874, 247.46199999999953], "Placement": "Block"}}, {"Bounds": [-0.3074951171875, 40.37249755859375, 781.3200073242188, 586.4400024414062], "ClipBounds": [737.8400268554688, 42.25300598144531, 765.0989990234375, 67.71200561523438], "ObjectID": 237, "Page": 0, "Path": "//Document/Figure[3]", "attributes": {"BBox": [738.0899999999965, 222.50299999999697, 764.8489999999874, 247.46199999999953], "Placement": "Block"}}, {"Bounds": [30.720001220703125, 539.6255035400391, 145.3338165283203, 558.4465026855469], "Font": {"alt_family_name": "* Times New Roman", "embedded": true, "encoding": "Identity-H", "family_name": "* Times New Roman", "font_type": "CIDFontType0", "italic": false, "monospaced": false, "name": "*Times New Roman-Bold-4072", "subset": false, "weight": 700}, "HasClip": false, "Lang": "en", "ObjectID": 238, "Page": 1, "Path": "//Document/H1[2]", "Text": "ormer ", "TextSize": 29.0, "attributes": {"LineHeight": 34.75}}, {"Bounds": [609.1199951171875, 532.4579925537109, 729.0890350341797, 555.760498046875], "Font": {"alt_family_name": "* Arial", "embedded": true, "encoding": "Identity-H", "family_name": "* Arial", "font_type": "CIDFontType0", "italic": false, "monospaced": false, "name": "*Arial-Bold-4078", "subset": false, "weight": 700}, "HasClip": false, "Lang": "en", "ObjectID": 239, "Page": 1, "Path": "//Document/P[3]", "Text": "MESSOS ENTERPRISES LTD. Valuation as of 30.05.2025 Client Number 366223 ", "TextSize": 8.5, "attributes": {"LineHeight": 7.75, "SpaceAfter": 10.625, "TextAlign": "End"}}, {"Bounds": [695.7599945068359, 508.1925048828125, 730.3350830078125, 517.3300018310547], "Font": {"alt_family_name": "* Arial", "embedded": true, "encoding": "Identity-H", "family_name": "* Arial", "font_type": "CIDFontType0", "italic": false, "monospaced": false, "name": "*Arial-Bold-4077", "subset": false, "weight": 700}, "HasClip": false, "Lang": "en", "ObjectID": 240, "Page": 1, "Path": "//Document/H1[3]", "Text": "Index ", "TextSize": 12.5, "attributes": {"LineHeight": 15, "TextAlign": "End"}}, {"Bounds": [37.91999816894531, 484.68150329589844, 426.8802185058594, 501.47999572753906], "Font": {"alt_family_name": "* Times New Roman", "embedded": true, "encoding": "Identity-H", "family_name": "* Times New Roman", "font_type": "CIDFontType0", "italic": false, "monospaced": false, "name": "*Times New Roman-4071", "subset": false, "weight": 400}, "HasClip": false, "ObjectID": 243, "Page": 1, "Path": "//Document/TOC/TOCI/Span", "Text": "Summary 1 h ", "TextSize": 9.0}, {"Bounds": [37.678497314453125, 467.16749572753906, 427.930419921875, 478.3815002441406], "Font": {"alt_family_name": "* Arial", "embedded": true, "encoding": "Identity-H", "family_name": "* Arial", "font_type": "CIDFontType0", "italic": false, "monospaced": false, "name": "*Arial-Bold-4074", "subset": false, "weight": 700}, "HasClip": false, "ObjectID": 245, "Page": 1, "Path": "//Document/TOC/TOCI[2]/Span", "Text": "Asset Allocation 2 ", "TextSize": 10.5}, {"Bounds": [131.0399932861328, 448.9183044433594, 136.56015014648438, 449.6403045654297], "Font": {"alt_family_name": "* Times New Roman", "embedded": true, "encoding": "Identity-H", "family_name": "* Times New Roman", "font_type": "CIDFontType0", "italic": false, "monospaced": false, "name": "*Times New Roman-4070", "subset": false, "weight": 400}, "HasClip": false, "ObjectID": 247, "Page": 1, "Path": "//Document/TOC/TOCI[3]/Span", "Text": "-", "TextSize": 2.0}, {"Bounds": [0.18231201171875, 26.042587280273438, 793.3859100341797, 588.1836700439453], "ClipBounds": [71.62699890136719, 452.87701416015625, 78.12699890136719, 461.5370178222656], "ObjectID": 250, "Page": 1, "Path": "//Document/TOC/TOCI[4]/Span/Figure", "attributes": {"BBox": [71.87709999999788, 631.2069999999949, 77.87679999999818, 639.36599999998]}}, {"Bounds": [0.18231201171875, 26.042587280273438, 793.3859100341797, 588.1836700439453], "ClipBounds": [71.62699890136719, 452.87701416015625, 78.12699890136719, 461.5370178222656], "ObjectID": 250, "Page": 1, "Path": "//Document/TOC/TOCI[4]/Span/Figure", "attributes": {"BBox": [71.87709999999788, 631.2069999999949, 77.87679999999818, 639.36599999998]}}, {"Bounds": [77.99850463867188, 448.43800354003906, 342.71775817871094, 461.5500030517578], "Font": {"alt_family_name": "* Times New Roman", "embedded": true, "encoding": "Identity-H", "family_name": "* Times New Roman", "font_type": "CIDFontType0", "italic": false, "monospaced": false, "name": "*Times New Roman-4070", "subset": false, "weight": 400}, "HasClip": false, "ObjectID": 251, "Page": 1, "Path": "//Document/TOC/TOCI[4]/Span[2]", "Text": "Assets and Liabilities Structure --", "TextSize": 2.0}, {"Bounds": [0.18231201171875, 26.042587280273438, 793.3859100341797, 588.1836700439453], "ClipBounds": [71.50700378417969, 434.1570129394531, 78.84700012207031, 444.9770202636719], "ObjectID": 255, "Page": 1, "Path": "//Document/TOC[2]/TOCI/Span/Figure", "attributes": {"BBox": [71.7570999999989, 612.4869999999937, 78.59679999999935, 622.8069999999716]}}, {"Bounds": [0.18231201171875, 26.042587280273438, 793.3859100341797, 588.1836700439453], "ClipBounds": [71.50700378417969, 434.1570129394531, 78.84700012207031, 444.9770202636719], "ObjectID": 255, "Page": 1, "Path": "//Document/TOC[2]/TOCI/Span/Figure", "attributes": {"BBox": [71.7570999999989, 612.4869999999937, 78.59679999999935, 622.8069999999716]}}, {"Bounds": [78.72000122070312, 433.8132019042969, 427.5832824707031, 444.79620361328125], "Font": {"alt_family_name": "* Arial", "embedded": true, "encoding": "Identity-H", "family_name": "* Arial", "font_type": "CIDFontType0", "italic": false, "monospaced": false, "name": "*Arial-4079", "subset": false, "weight": 400}, "HasClip": false, "ObjectID": 256, "Page": 1, "Path": "//Document/TOC[2]/TOCI/Span[2]", "Text": "Currency allocation 3 ", "TextSize": 10.5}, {"Bounds": [38.15849304199219, 416.76780700683594, 427.9203338623047, 427.9122009277344], "Font": {"alt_family_name": "* Arial", "embedded": true, "encoding": "Identity-H", "family_name": "* Arial", "font_type": "CIDFontType0", "italic": false, "monospaced": false, "name": "*Arial-Bold-4074", "subset": false, "weight": 700}, "HasClip": false, "ObjectID": 259, "Page": 1, "Path": "//Document/TOC[3]/TOCI/Span", "Text": "Performance Overview/Evolution 4 ", "TextSize": 10.5}, {"Bounds": [37.43400573730469, 399.84779357910156, 427.9563751220703, 411.2487030029297], "Font": {"alt_family_name": "* Arial", "embedded": true, "encoding": "Identity-H", "family_name": "* Arial", "font_type": "CIDFontType0", "italic": false, "monospaced": false, "name": "*Arial-Bold-4074", "subset": false, "weight": 700}, "HasClip": false, "ObjectID": 261, "Page": 1, "Path": "//Document/TOC[3]/TOCI[2]/Span", "Text": "Asset Listing 5 ", "TextSize": 10.5}, {"Bounds": [0.18231201171875, 26.042587280273438, 793.3859100341797, 588.1836700439453], "ClipBounds": [64.06700134277344, 383.7590026855469, 78.84600830078125, 394.5790100097656], "ObjectID": 264, "Page": 1, "Path": "//Document/TOC[3]/TOCI[3]/Span/Figure", "attributes": {"BBox": [64.3173999999999, 562.0889999999781, 78.59679999999935, 572.4089999999851]}}, {"Bounds": [0.18231201171875, 26.042587280273438, 793.3859100341797, 588.1836700439453], "ClipBounds": [64.06700134277344, 383.7590026855469, 78.84600830078125, 394.5790100097656], "ObjectID": 264, "Page": 1, "Path": "//Document/TOC[3]/TOCI[3]/Span/Figure", "attributes": {"BBox": [64.3173999999999, 562.0889999999781, 78.59679999999935, 572.4089999999851]}}, {"Bounds": [78.70950317382812, 383.2935028076172, 427.930419921875, 394.4066925048828], "Font": {"alt_family_name": "* Arial", "embedded": true, "encoding": "Identity-H", "family_name": "* Arial", "font_type": "CIDFontType0", "italic": false, "monospaced": false, "name": "*Arial-4079", "subset": false, "weight": 400}, "HasClip": false, "ObjectID": 265, "Page": 1, "Path": "//Document/TOC[3]/TOCI[3]/Span[2]", "Text": "Liquidity and liabilities 5 ", "TextSize": 10.5}, {"Bounds": [0.18231201171875, 26.042587280273438, 793.3859100341797, 588.1836700439453], "ClipBounds": [55.90800476074219, 368.3999938964844, 78.84700012207031, 377.5400085449219], "ObjectID": 269, "Page": 1, "Path": "//Document/TOC[4]/TOCI/Span/Figure", "attributes": {"BBox": [56.15769999999975, 546.7299999999814, 78.59679999999935, 555.3699999999953]}}, {"Bounds": [0.18231201171875, 26.042587280273438, 793.3859100341797, 588.1836700439453], "ClipBounds": [55.90800476074219, 368.3999938964844, 78.84700012207031, 377.5400085449219], "ObjectID": 269, "Page": 1, "Path": "//Document/TOC[4]/TOCI/Span/Figure", "attributes": {"BBox": [56.15769999999975, 546.7299999999814, 78.59679999999935, 555.3699999999953]}}, {"Bounds": [78.70950317382812, 366.4931945800781, 427.679443359375, 377.6907043457031], "Font": {"alt_family_name": "* Arial", "embedded": true, "encoding": "Identity-H", "family_name": "* Arial", "font_type": "CIDFontType0", "italic": false, "monospaced": false, "name": "*Arial-4079", "subset": false, "weight": 400}, "HasClip": false, "ObjectID": 270, "Page": 1, "Path": "//Document/TOC[4]/TOCI/Span[2]", "Text": "Bonds 6 ", "TextSize": 10.5}, {"Bounds": [0.18231201171875, 26.042587280273438, 793.3859100341797, 588.1836700439453], "ClipBounds": [63.46699523925781, 350.4010009765625, 78.84600830078125, 360.7409973144531], "ObjectID": 274, "Page": 1, "Path": "//Document/TOC[5]/TOCI/Span/Figure", "attributes": {"BBox": [63.71739999999954, 528.7309999999998, 78.59679999999935, 538.5699999999779]}}, {"Bounds": [0.18231201171875, 26.042587280273438, 793.3859100341797, 588.1836700439453], "ClipBounds": [63.46699523925781, 350.4010009765625, 78.84600830078125, 360.7409973144531], "ObjectID": 274, "Page": 1, "Path": "//Document/TOC[5]/TOCI/Span/Figure", "attributes": {"BBox": [63.71739999999954, 528.7309999999998, 78.59679999999935, 538.5699999999779]}}, {"Bounds": [78.70950317382812, 349.8135070800781, 429.99928283691406, 360.8802032470703], "Font": {"alt_family_name": "* Arial", "embedded": true, "encoding": "Identity-H", "family_name": "* Arial", "font_type": "CIDFontType0", "italic": false, "monospaced": false, "name": "*Arial-4079", "subset": false, "weight": 400}, "HasClip": false, "ObjectID": 275, "Page": 1, "Path": "//Document/TOC[5]/TOCI/Span[2]", "Text": "Equities 10 ", "TextSize": 10.5}, {"Bounds": [131.0399932861328, 348.1179962158203, 136.3199462890625, 348.8399963378906], "Font": {"alt_family_name": "* Times New Roman", "embedded": true, "encoding": "Identity-H", "family_name": "* Times New Roman", "font_type": "CIDFontType0", "italic": false, "monospaced": false, "name": "*Times New Roman-4070", "subset": false, "weight": 400}, "HasClip": false, "ObjectID": 278, "Page": 1, "Path": "//Document/L/LI/Lbl", "Text": "-", "TextSize": 2.0}, {"Bounds": [337.1999969482422, 347.6383056640625, 342.72015380859375, 348.3603057861328], "Font": {"alt_family_name": "* Times New Roman", "embedded": true, "encoding": "Identity-H", "family_name": "* Times New Roman", "font_type": "CIDFontType0", "italic": false, "monospaced": false, "name": "*Times New Roman-4070", "subset": false, "weight": 400}, "HasClip": false, "Lang": "en", "ObjectID": 279, "Page": 1, "Path": "//Document/P[4]", "Text": "-", "TextSize": 2.0, "attributes": {"LineHeight": 2.375}}, {"Bounds": [0.18231201171875, 26.042587280273438, 793.3859100341797, 588.1836700439453], "ClipBounds": [71.02700805664062, 333.60101318359375, 78.60700988769531, 344.1809997558594], "ObjectID": 283, "Page": 1, "Path": "//Document/TOC[6]/TOCI/Span/Figure", "attributes": {"BBox": [71.27709999999934, 511.93099999999686, 78.35679999999775, 522.0109999999986]}}, {"Bounds": [0.18231201171875, 26.042587280273438, 793.3859100341797, 588.1836700439453], "ClipBounds": [71.02700805664062, 333.60101318359375, 78.60700988769531, 344.1809997558594], "ObjectID": 283, "Page": 1, "Path": "//Document/TOC[6]/TOCI/Span/Figure", "attributes": {"BBox": [71.27709999999934, 511.93099999999686, 78.35679999999775, 522.0109999999986]}}, {"Bounds": [78.47999572753906, 332.8874969482422, 429.5980987548828, 343.8869934082031], "Font": {"alt_family_name": "* Arial", "embedded": true, "encoding": "Identity-H", "family_name": "* Arial", "font_type": "CIDFontType0", "italic": false, "monospaced": false, "name": "*Arial-4079", "subset": false, "weight": 400}, "HasClip": false, "ObjectID": 284, "Page": 1, "Path": "//Document/TOC[6]/TOCI/Span[2]", "Text": "Structured products 11 ", "TextSize": 10.5}, {"Bounds": [0.18231201171875, 26.042587280273438, 793.3859100341797, 588.1836700439453], "ClipBounds": [62.86700439453125, 318.00201416015625, 78.60600280761719, 327.38201904296875], "ObjectID": 288, "Page": 1, "Path": "//Document/TOC[7]/TOCI/Span/Figure", "attributes": {"BBox": [63.11739999999918, 496.3319999999949, 78.35679999999775, 505.21199999999953]}}, {"Bounds": [0.18231201171875, 26.042587280273438, 793.3859100341797, 588.1836700439453], "ClipBounds": [62.86700439453125, 318.00201416015625, 78.60600280761719, 327.38201904296875], "ObjectID": 288, "Page": 1, "Path": "//Document/TOC[7]/TOCI/Span/Figure", "attributes": {"BBox": [63.11739999999918, 496.3319999999949, 78.35679999999775, 505.21199999999953]}}, {"Bounds": [78.47999572753906, 316.2344970703125, 429.89610290527344, 327.22349548339844], "Font": {"alt_family_name": "* Arial", "embedded": true, "encoding": "Identity-H", "family_name": "* Arial", "font_type": "CIDFontType0", "italic": false, "monospaced": false, "name": "*Arial-4079", "subset": false, "weight": 400}, "HasClip": false, "ObjectID": 289, "Page": 1, "Path": "//Document/TOC[7]/TOCI/Span[2]", "Text": "Other assets 13 ", "TextSize": 10.5}, {"Bounds": [37.91850280761719, 299.1614990234375, 428.6720886230469, 310.30799865722656], "Font": {"alt_family_name": "* Arial", "embedded": true, "encoding": "Identity-H", "family_name": "* Arial", "font_type": "CIDFontType0", "italic": false, "monospaced": false, "name": "*Arial-Bold-4074", "subset": false, "weight": 700}, "HasClip": false, "ObjectID": 292, "Page": 1, "Path": "//Document/TOC[8]/TOCI/Span", "Text": "Expected Cash Flows (Overview) 14 ", "TextSize": 10.5}, {"Bounds": [37.529998779296875, 282.2984924316406, 428.1782989501953, 293.6445007324219], "Font": {"alt_family_name": "* Arial", "embedded": true, "encoding": "Identity-H", "family_name": "* Arial", "font_type": "CIDFontType0", "italic": false, "monospaced": false, "name": "*Arial-Bold-4074", "subset": false, "weight": 700}, "HasClip": false, "ObjectID": 294, "Page": 1, "Path": "//Document/TOC[8]/TOCI[2]/Span", "Text": "Glossary 15 ", "TextSize": 10.5}, {"Bounds": [37.91850280761719, 265.5614929199219, 428.1480255126953, 276.718505859375], "Font": {"alt_family_name": "* Arial", "embedded": true, "encoding": "Identity-H", "family_name": "* Arial", "font_type": "CIDFontType0", "italic": false, "monospaced": false, "name": "*Arial-Bold-4074", "subset": false, "weight": 700}, "HasClip": false, "ObjectID": 296, "Page": 1, "Path": "//Document/TOC[8]/TOCI[3]/Span", "Text": "Notices and other information 17 ", "TextSize": 10.5}, {"Bounds": [30.0, 46.32440185546875, 371.356201171875, 67.67849731445312], "Font": {"alt_family_name": "* Arial", "embedded": true, "encoding": "Identity-H", "family_name": "* Arial", "font_type": "CIDFontType0", "italic": false, "monospaced": false, "name": "*Arial-4076", "subset": false, "weight": 400}, "HasClip": false, "Lang": "en", "ObjectID": 297, "Page": 1, "Path": "//Document/P[5]", "Text": "Corner Banca SA // Todistrasse27 // Postfach 1640 // 8027 Zurich_Switzerland // HauptsitzVia Canova 16, 6901 Lugano_Switzerland Tel. +414421810 20// Fax +41 442181029 // info@corner.ch // corner.ch Swift CBLUCH2280A // Clearing 8490 // CHE-105.962.409 VA ", "TextSize": 6.0, "attributes": {"LineHeight": 7.375}}, {"Bounds": [623.0399932861328, 50.619293212890625, 729.0192565917969, 57.84930419921875], "Font": {"alt_family_name": "* Arial", "embedded": true, "encoding": "Identity-H", "family_name": "* Arial", "font_type": "CIDFontType0", "italic": false, "monospaced": false, "name": "*Arial-Bold-4073", "subset": false, "weight": 700}, "HasClip": false, "Lang": "en", "ObjectID": 298, "Page": 1, "Path": "//Document/P[6]", "Text": "Print date 31.05.2025 // Page I ", "TextSize": 7.5, "attributes": {"LineHeight": 9, "SpaceAfter": 18}}, {"Bounds": [735.3600006103516, 41.07929992675781, 742.8733978271484, 67.71929931640625], "Font": {"alt_family_name": "* Times New Roman", "embedded": true, "encoding": "Identity-H", "family_name": "* Times New Roman", "font_type": "CIDFontType0", "italic": false, "monospaced": false, "name": "*Times New Roman-Bold-4069", "subset": false, "weight": 700}, "HasClip": false, "Lang": "en", "ObjectID": 299, "Page": 1, "Path": "//Document/P[7]", "Text": "I ", "TextSize": 30.0, "attributes": {"LineHeight": 36, "SpaceAfter": -12.375, "TextAlign": "End"}}, {"Bounds": [0.18231201171875, 26.042587280273438, 793.3859100341797, 588.1836700439453], "ClipBounds": [740.3599853515625, 41.07929992675781, 769.3052215576172, 67.71929931640625], "ObjectID": 300, "Page": 1, "Path": "//Document/Figure[4]", "attributes": {"BBox": [740.609999999986, 220.4629999999961, 765.3289999999979, 244.7019999999975], "Placement": "Block"}}, {"Bounds": [0.18231201171875, 26.042587280273438, 793.3859100341797, 588.1836700439453], "ClipBounds": [740.3599853515625, 41.07929992675781, 769.3052215576172, 67.71929931640625], "Font": {"alt_family_name": "* Times New Roman", "embedded": true, "encoding": "Identity-H", "family_name": "* Times New Roman", "font_type": "CIDFontType0", "italic": false, "monospaced": false, "name": "*Times New Roman-Bold-4069", "subset": false, "weight": 700}, "HasClip": false, "ObjectID": 300, "Page": 1, "Path": "//Document/Figure[4]", "Text": "e ", "TextSize": 30.0, "attributes": {"BBox": [740.609999999986, 220.4629999999961, 765.3289999999979, 244.7019999999975], "Placement": "Block"}}, {"Bounds": [25.732498168945312, 29.092498779296875, 571.6275024414062, 762.0675048828125], "ClipBounds": [25.732498168945312, 29.092498779296875, 571.6275024414062, 762.0675048828125], "ObjectID": 301, "Page": 2, "Path": "//Document/Figure[5]", "attributes": {"BBox": [25.918899999999667, 29.190999999999804, 571.5369999999821, 762.1209999999846], "Placement": "Block"}}, {"Bounds": [25.732498168945312, 29.092498779296875, 571.6275024414062, 762.0675048828125], "ClipBounds": [25.732498168945312, 29.092498779296875, 571.6275024414062, 762.0675048828125], "ObjectID": 302, "Page": 3, "Path": "//Document/Figure[6]", "attributes": {"BBox": [25.918899999999667, 29.070999999999913, 571.5369999999821, 762.1209999999846], "Placement": "Block"}}, {"Bounds": [25.732498168945312, 29.092483520507812, 571.6275024414062, 762.0675048828125], "ClipBounds": [25.732498168945312, 29.092483520507812, 571.6275024414062, 762.0675048828125], "ObjectID": 303, "Page": 4, "Path": "//Document/Figure[7]", "attributes": {"BBox": [25.918899999999667, 29.070999999999913, 571.5369999999821, 762.1209999999846], "Placement": "Block"}}, {"Bounds": [25.732498168945312, 29.212478637695312, 571.6275024414062, 762.0675048828125], "ClipBounds": [25.732498168945312, 29.212478637695312, 571.6275024414062, 762.0675048828125], "ObjectID": 304, "Page": 5, "Path": "//Document/Figure[8]", "attributes": {"BBox": [25.918899999999667, 29.190999999999804, 571.5369999999821, 762.1209999999846], "Placement": "Block"}}, {"Bounds": [25.732498168945312, 29.212478637695312, 571.6275024414062, 762.0675048828125], "ClipBounds": [25.732498168945312, 29.212478637695312, 571.6275024414062, 762.0675048828125], "ObjectID": 305, "Page": 6, "Path": "//Document/Figure[9]", "attributes": {"BBox": [25.918899999999667, 29.190999999999804, 571.5369999999821, 762.1209999999846], "Placement": "Block"}}, {"Bounds": [25.732498168945312, 29.212478637695312, 571.6275024414062, 762.0675048828125], "ClipBounds": [25.732498168945312, 29.212478637695312, 571.6275024414062, 762.0675048828125], "ObjectID": 306, "Page": 7, "Path": "//Document/Figure[10]", "attributes": {"BBox": [25.918899999999667, 29.190999999999804, 571.5369999999821, 762.1209999999846], "Placement": "Block"}}, {"Bounds": [25.732498168945312, 29.212478637695312, 571.6275024414062, 762.0675048828125], "ClipBounds": [25.732498168945312, 29.212478637695312, 571.6275024414062, 762.0675048828125], "ObjectID": 307, "Page": 8, "Path": "//Document/Figure[11]", "attributes": {"BBox": [25.918899999999667, 29.190999999999804, 571.5369999999821, 762.1209999999846], "Placement": "Block"}}, {"Bounds": [25.732498168945312, 29.212478637695312, 571.6275024414062, 762.0675048828125], "ClipBounds": [25.732498168945312, 29.212478637695312, 571.6275024414062, 762.0675048828125], "ObjectID": 308, "Page": 9, "Path": "//Document/Figure[12]", "attributes": {"BBox": [25.918899999999667, 29.190999999999804, 571.5369999999821, 762.1209999999846], "Placement": "Block"}}, {"Bounds": [25.732498168945312, 29.212478637695312, 571.6275024414062, 762.0675048828125], "ClipBounds": [25.732498168945312, 29.212478637695312, 571.6275024414062, 762.0675048828125], "ObjectID": 309, "Page": 10, "Path": "//Document/Figure[13]", "attributes": {"BBox": [25.918899999999667, 29.190999999999804, 571.5369999999821, 762.1209999999846], "Placement": "Block"}}, {"Bounds": [25.732498168945312, 29.212478637695312, 571.6275024414062, 762.0675048828125], "ClipBounds": [25.732498168945312, 29.212478637695312, 571.6275024414062, 762.0675048828125], "ObjectID": 310, "Page": 11, "Path": "//Document/Figure[14]", "attributes": {"BBox": [25.918899999999667, 29.190999999999804, 571.5369999999821, 762.1209999999846], "Placement": "Block"}}, {"Bounds": [25.732498168945312, 29.212478637695312, 571.6275024414062, 762.0675048828125], "ClipBounds": [25.732498168945312, 29.212478637695312, 571.6275024414062, 762.0675048828125], "ObjectID": 311, "Page": 12, "Path": "//Document/Figure[15]", "attributes": {"BBox": [25.918899999999667, 29.190999999999804, 571.5369999999821, 762.1209999999846], "Placement": "Block"}}, {"Bounds": [25.732498168945312, 29.212478637695312, 571.6275024414062, 762.0675048828125], "ClipBounds": [25.732498168945312, 29.212478637695312, 571.6275024414062, 762.0675048828125], "ObjectID": 312, "Page": 13, "Path": "//Document/Figure[16]", "attributes": {"BBox": [25.918899999999667, 29.190999999999804, 571.5369999999821, 762.1209999999846], "Placement": "Block"}}, {"Bounds": [25.732498168945312, 29.212478637695312, 571.6275024414062, 762.0675048828125], "ClipBounds": [25.732498168945312, 29.212478637695312, 571.6275024414062, 762.0675048828125], "ObjectID": 313, "Page": 14, "Path": "//Document/Figure[17]", "attributes": {"BBox": [25.918899999999667, 29.190999999999804, 571.5369999999821, 762.1209999999846], "Placement": "Block"}}, {"Bounds": [25.732498168945312, 29.212478637695312, 571.6275024414062, 762.0675048828125], "ClipBounds": [25.732498168945312, 29.212478637695312, 571.6275024414062, 762.0675048828125], "ObjectID": 314, "Page": 15, "Path": "//Document/Figure[18]", "attributes": {"BBox": [25.918899999999667, 29.190999999999804, 571.5369999999821, 762.1209999999846], "Placement": "Block"}}, {"Bounds": [25.732498168945312, 29.212478637695312, 571.6275024414062, 762.0675048828125], "ClipBounds": [25.732498168945312, 29.212478637695312, 571.6275024414062, 762.0675048828125], "ObjectID": 315, "Page": 16, "Path": "//Document/Figure[19]", "attributes": {"BBox": [25.918899999999667, 29.190999999999804, 571.5369999999821, 762.1209999999846], "Placement": "Block"}}, {"Bounds": [25.732498168945312, 29.212478637695312, 571.6275024414062, 762.0675048828125], "ClipBounds": [25.732498168945312, 29.212478637695312, 571.6275024414062, 762.0675048828125], "ObjectID": 316, "Page": 17, "Path": "//Document/Figure[20]", "attributes": {"BBox": [25.918899999999667, 29.070999999999913, 571.5369999999821, 762.1209999999846], "Placement": "Block"}}, {"Bounds": [25.732498168945312, 29.212478637695312, 571.6275024414062, 762.0675048828125], "ClipBounds": [25.732498168945312, 29.212478637695312, 571.6275024414062, 762.0675048828125], "ObjectID": 317, "Page": 18, "Path": "//Document/Figure[21]", "attributes": {"BBox": [25.918899999999667, 29.070999999999913, 571.5369999999821, 762.1209999999846], "Placement": "Block"}}], "pages": [{"boxes": {"CropBox": [0.0, 0.0, 792.0, 612.0], "MediaBox": [0.0, 0.0, 792.0, 612.0]}, "height": 612.0, "is_scanned": true, "page_number": 0, "rotation": 0, "width": 792.0}, {"boxes": {"CropBox": [0.0, 0.0, 793.4400024414062, 613.9199829101562], "MediaBox": [0.0, 0.0, 793.4400024414062, 613.9199829101562]}, "height": 613.9199829101562, "is_scanned": true, "page_number": 1, "rotation": 0, "width": 793.4400024414062}, {"boxes": {"CropBox": [0.0, 0.0, 612.0, 792.0], "MediaBox": [0.0, 0.0, 612.0, 792.0]}, "height": 792.0, "is_scanned": false, "page_number": 2, "rotation": 0, "width": 612.0}, {"boxes": {"CropBox": [0.0, 0.0, 612.0, 792.0], "MediaBox": [0.0, 0.0, 612.0, 792.0]}, "height": 792.0, "is_scanned": false, "page_number": 3, "rotation": 0, "width": 612.0}, {"boxes": {"CropBox": [0.0, 0.0, 612.0, 792.0], "MediaBox": [0.0, 0.0, 612.0, 792.0]}, "height": 792.0, "is_scanned": false, "page_number": 4, "rotation": 0, "width": 612.0}, {"boxes": {"CropBox": [0.0, 0.0, 612.0, 792.0], "MediaBox": [0.0, 0.0, 612.0, 792.0]}, "height": 792.0, "is_scanned": false, "page_number": 5, "rotation": 0, "width": 612.0}, {"boxes": {"CropBox": [0.0, 0.0, 612.0, 792.0], "MediaBox": [0.0, 0.0, 612.0, 792.0]}, "height": 792.0, "is_scanned": false, "page_number": 6, "rotation": 0, "width": 612.0}, {"boxes": {"CropBox": [0.0, 0.0, 612.0, 792.0], "MediaBox": [0.0, 0.0, 612.0, 792.0]}, "height": 792.0, "is_scanned": false, "page_number": 7, "rotation": 0, "width": 612.0}, {"boxes": {"CropBox": [0.0, 0.0, 612.0, 792.0], "MediaBox": [0.0, 0.0, 612.0, 792.0]}, "height": 792.0, "is_scanned": false, "page_number": 8, "rotation": 0, "width": 612.0}, {"boxes": {"CropBox": [0.0, 0.0, 612.0, 792.0], "MediaBox": [0.0, 0.0, 612.0, 792.0]}, "height": 792.0, "is_scanned": false, "page_number": 9, "rotation": 0, "width": 612.0}, {"boxes": {"CropBox": [0.0, 0.0, 612.0, 792.0], "MediaBox": [0.0, 0.0, 612.0, 792.0]}, "height": 792.0, "is_scanned": false, "page_number": 10, "rotation": 0, "width": 612.0}, {"boxes": {"CropBox": [0.0, 0.0, 612.0, 792.0], "MediaBox": [0.0, 0.0, 612.0, 792.0]}, "height": 792.0, "is_scanned": false, "page_number": 11, "rotation": 0, "width": 612.0}, {"boxes": {"CropBox": [0.0, 0.0, 612.0, 792.0], "MediaBox": [0.0, 0.0, 612.0, 792.0]}, "height": 792.0, "is_scanned": false, "page_number": 12, "rotation": 0, "width": 612.0}, {"boxes": {"CropBox": [0.0, 0.0, 612.0, 792.0], "MediaBox": [0.0, 0.0, 612.0, 792.0]}, "height": 792.0, "is_scanned": false, "page_number": 13, "rotation": 0, "width": 612.0}, {"boxes": {"CropBox": [0.0, 0.0, 612.0, 792.0], "MediaBox": [0.0, 0.0, 612.0, 792.0]}, "height": 792.0, "is_scanned": false, "page_number": 14, "rotation": 0, "width": 612.0}, {"boxes": {"CropBox": [0.0, 0.0, 612.0, 792.0], "MediaBox": [0.0, 0.0, 612.0, 792.0]}, "height": 792.0, "is_scanned": false, "page_number": 15, "rotation": 0, "width": 612.0}, {"boxes": {"CropBox": [0.0, 0.0, 612.0, 792.0], "MediaBox": [0.0, 0.0, 612.0, 792.0]}, "height": 792.0, "is_scanned": false, "page_number": 16, "rotation": 0, "width": 612.0}, {"boxes": {"CropBox": [0.0, 0.0, 612.0, 792.0], "MediaBox": [0.0, 0.0, 612.0, 792.0]}, "height": 792.0, "is_scanned": false, "page_number": 17, "rotation": 0, "width": 612.0}, {"boxes": {"CropBox": [0.0, 0.0, 612.0, 792.0], "MediaBox": [0.0, 0.0, 612.0, 792.0]}, "height": 792.0, "is_scanned": false, "page_number": 18, "rotation": 0, "width": 612.0}]}